Keyword,Currency,Avg. monthly searches,Изменение за квартал,Изменение за год,Competition,Competition (indexed value),Top of page bid (low range),Top of page bid (high range)
country of origin,USD,5000.0,900%,900%,Низкий,0.0,,
country of origin information,USD,50.0,0%,0%,Низкий,2.0,,
expert witness report,USD,50.0,0%,-90%,Низкий,10.0,"2,44","10,99"
us asylum case,USD,50.0,0%,0%,Низкий,8.0,,
asylum expert witness,USD,50.0,0%,0%,Низкий,9.0,,
expert report for court,USD,50.0,0%,0%,Низкий,27.0,,
expert court reports,USD,50.0,0%,∞,Низкий,0.0,,
medical expert report,USD,50.0,0%,0%,Низкий,24.0,"7,36","11,52"
expert report,USD,500.0,0%,0%,Низкий,6.0,"3,70","13,04"
country of origin certificate,USD,500.0,0%,0%,Низкий,5.0,"1,34","12,00"
expert witness asylum cases,USD,50.0,0%,0%,Средний,45.0,"2,51","6,25"
expert witness statement,USD,50.0,0%,0%,Низкий,4.0,,
asylum expert witness list,USD,50.0,-100%,-100%,Неизвестно,,,
vcat expert report,USD,50.0,0%,0%,Неизвестно,,,
expert witness report costs,USD,50.0,-100%,-100%,Неизвестно,,,
country of origin labeling,USD,500.0,0%,0%,Низкий,6.0,"2,18","4,73"
asylum case usa,USD,50.0,-90%,-90%,Низкий,3.0,,
cpr 35 expert report,USD,50.0,-100%,0%,Неизвестно,,,
ncat expert witness,USD,50.0,0%,0%,Неизвестно,,,
cost of expert witness report,USD,50.0,-100%,-100%,Неизвестно,,,
asean certificate of origin,USD,50.0,0%,0%,Низкий,0.0,,
asean india free trade area preferential tariff certificate of origin,USD,50.0,∞,∞,Низкий,0.0,,
asylum case in us,USD,50.0,-90%,-90%,Низкий,3.0,,
certificate of origin eu,USD,50.0,0%,0%,Низкий,1.0,,
coo country,USD,50.0,0%,0%,Низкий,0.0,,
coo label,USD,50.0,0%,0%,Низкий,6.0,,
cool labeling,USD,500.0,0%,0%,Низкий,6.0,"2,18","4,73"
cosmic byte country of origin,USD,0.0,0%,0%,Неизвестно,,,
cosmic byte origin country,USD,50.0,0%,0%,Неизвестно,,,
country of origin certificate format,USD,50.0,∞,0%,Низкий,0.0,,
country of origin certificate template,USD,5000.0,0%,0%,Низкий,8.0,"1,43","19,40"
country of origin codes for customs,USD,50.0,0%,0%,Низкий,1.0,,
country of origin coo,USD,50.0,0%,-90%,Низкий,0.0,,
country of origin customs,USD,50.0,0%,0%,Низкий,0.0,,
country of origin declaration,USD,50.0,0%,0%,Низкий,2.0,,
country of origin determination,USD,50.0,0%,-90%,Низкий,11.0,"3,71","52,42"
country of origin document,USD,500.0,0%,0%,Низкий,5.0,"1,34","12,00"
country of origin eu,USD,50.0,0%,0%,Низкий,0.0,,
country of origin food labelling,USD,50.0,0%,0%,Низкий,0.0,,
country of origin form,USD,50.0,0%,0%,Низкий,6.0,,
country of origin label requirements,USD,50.0,0%,0%,Низкий,0.0,,
country of origin labeling 2022,USD,50.0,0%,0%,Неизвестно,,,
country of origin labeling fda,USD,50.0,0%,0%,Низкий,0.0,,
country of origin labeling manufactured goods,USD,50.0,0%,0%,Низкий,1.0,,
country of origin labeling requirements fda,USD,50.0,0%,0%,Низкий,0.0,,
country of origin labeling requirements for export,USD,50.0,0%,-100%,Неизвестно,,,
country of origin labelling eu,USD,50.0,∞,∞,Низкий,0.0,,
country of origin labelling guide,USD,50.0,0%,0%,Неизвестно,,,
country of origin marking,USD,50.0,0%,0%,Низкий,1.0,,
country of origin meaning,USD,5000.0,0%,0%,Низкий,0.0,,
country of origin of goods,USD,50.0,0%,0%,Низкий,0.0,,
country of origin on commercial invoice,USD,50.0,0%,0%,Низкий,1.0,,
country of origin requirements,USD,50.0,0%,-90%,Низкий,2.0,,
country of origin requirements for export,USD,50.0,0%,0%,Низкий,0.0,,
country of origin rules,USD,50.0,0%,-90%,Низкий,3.0,,
country of origin statement,USD,50.0,0%,0%,Низкий,2.0,,
country of origin statement example,USD,50.0,0%,0%,Низкий,0.0,,
court expert report,USD,50.0,0%,0%,Низкий,27.0,,
cpr 35 compliant report,USD,50.0,-100%,0%,Неизвестно,,,
cpr compliant expert report,USD,50.0,0%,0%,Неизвестно,,,
customs country of origin rules,USD,50.0,0%,0%,Низкий,0.0,,
draft expert reports discoverable,USD,50.0,0%,0%,Низкий,0.0,,
eea preferential origin,USD,50.0,0%,0%,Низкий,2.0,,
eec preferential origin,USD,50.0,0%,0%,Низкий,0.0,,
eu country of origin labeling requirements,USD,50.0,∞,0%,Низкий,0.0,,
eu preferential origin,USD,50.0,0%,0%,Низкий,1.0,,
eu preferential origin list of countries,USD,50.0,0%,0%,Неизвестно,,,
eu rules of origin,USD,50.0,0%,0%,Низкий,0.0,,
expert opinion report,USD,50.0,0%,0%,Низкий,0.0,,
expert rebuttal report,USD,50.0,0%,0%,Низкий,0.0,,
expert report cpr,USD,50.0,0%,0%,Неизвестно,,,
expert report federal court,USD,50.0,0%,0%,Низкий,0.0,,
expert reports in federal court,USD,50.0,0%,0%,Низкий,0.0,,
expert witness report federal court,USD,50.0,-100%,-100%,Неизвестно,,,
expert witness report pdf,USD,50.0,0%,0%,Низкий,0.0,,
fda country of origin,USD,50.0,0%,0%,Низкий,0.0,,
federal court expert report,USD,50.0,0%,0%,Низкий,0.0,,
federal rules expert reports,USD,50.0,0%,0%,Низкий,0.0,,
federal rules of civil procedure expert reports,USD,50.0,0%,0%,Низкий,0.0,,
fedex country of origin,USD,50.0,0%,0%,Низкий,0.0,,
find country of origin,USD,50.0,0%,0%,Низкий,0.0,,
frcp expert report,USD,50.0,0%,0%,Низкий,0.0,,
ftc country of origin labeling requirements,USD,50.0,0%,0%,Низкий,0.0,,
imarflex country of origin,USD,50.0,0%,0%,Неизвестно,,,
inadmissible expert report,USD,50.0,0%,0%,Неизвестно,,,
intrastat country of origin,USD,50.0,∞,0%,Низкий,0.0,,
joint expert report,USD,50.0,0%,-100%,Неизвестно,,,
joint expert witness report,USD,50.0,-100%,0%,Неизвестно,,,
medical expert witness report,USD,50.0,0%,0%,Высокий,69.0,"5,52","10,01"
mister potato origin country,USD,0.0,0%,0%,Неизвестно,,,
origin eu,USD,50.0,0%,0%,Низкий,0.0,,
part 35 compliant expert witness report,USD,50.0,0%,0%,Неизвестно,,,
part 35 expert report,USD,50.0,0%,0%,Неизвестно,,,
pending asylum cases in us,USD,50.0,0%,0%,Низкий,1.0,,
plaintiff's expert report,USD,50.0,-100%,0%,Неизвестно,,,
preferential country of origin,USD,50.0,0%,0%,Низкий,0.0,,
product labeling requirements country of origin,USD,50.0,0%,0%,Низкий,0.0,,
product of origin,USD,50.0,0%,0%,Низкий,0.0,,
product of origin labelling,USD,50.0,0%,0%,Неизвестно,,,
rebuttal expert,USD,50.0,0%,0%,Низкий,0.0,,
rule 26 expert report,USD,50.0,0%,0%,Низкий,0.0,,
single joint expert report,USD,50.0,0%,0%,Неизвестно,,,
the country of origin,USD,50.0,0%,0%,Низкий,0.0,,
turkey certificate of origin,USD,50.0,0%,-100%,Неизвестно,,,
us immigration judge decisions in asylum cases,USD,50.0,0%,0%,Неизвестно,,,
country conditions evidence,USD,, --, --,Неизвестно,,,
country conditions research,USD,, --, --,Неизвестно,,,
asylum evidence packet,USD,, --, --,Неизвестно,,,
