domain,occurrences,queries,formats,ads
euaa.europa.eu,17,COI report asylum | asylum country conditions expert | asylum country conditions packet | asylum evidence packet | asylum expert report | asylum supporting evidence | country conditions evidence asylum | country conditions report asylum | country conditions research asylum attorney | expert declaration asylum | how to document country conditions for asylum,"HTML, PDF",0
immigrationequality.org,12,asylum country conditions packet | asylum expert affidavit | country conditions evidence asylum | country conditions report asylum | country conditions research asylum attorney | country conditions research for immigration attorneys | how to document country conditions for asylum,HTML,0
tahirih.org,12,asylum country conditions expert | asylum country conditions packet | asylum expert affidavit | asylum expert report | asylum expert witness report | country conditions expert asylum | expert declaration asylum | how to document country conditions for asylum | immigration expert witness asylum,"HTML, PDF",0
cgrs.uclawsf.edu,10,asylum country conditions expert | asylum country conditions packet | asylum evidence packet | asylum expert witness report | country conditions evidence asylum | country conditions expert asylum | country conditions report asylum | country conditions research for immigration attorneys | how to document country conditions for asylum | immigration expert witness asylum,"HTML, PDF",0
immigrationjustice.us,10,asylum country conditions expert | asylum country conditions packet | asylum evidence packet | asylum supporting evidence | country conditions evidence asylum | country conditions expert asylum | country conditions report asylum | country conditions research for immigration attorneys | how to document country conditions for asylum,HTML,0
academic.oup.com,9,COI report asylum | asylum country conditions expert | asylum expert report | asylum expert witness report | country conditions expert asylum | country conditions research for immigration attorneys | expert declaration asylum | immigration expert witness asylum,HTML,0
amdreamcenter.com,5,asylum expert report | country conditions research asylum attorney | expert declaration asylum,HTML,4
africanhrc.org,5,asylum country conditions expert | asylum expert report | asylum expert witness report | country conditions expert asylum | immigration expert witness asylum,HTML,0
connaughtlaw.com,5,asylum expert report | asylum expert witness report | country conditions research asylum attorney | expert declaration asylum | immigration expert witness asylum,HTML,0
libguides.law.villanova.edu,5,asylum country conditions packet | country conditions evidence asylum | country conditions report asylum | country conditions research asylum attorney | how to document country conditions for asylum,HTML,0
unhcr.org,5,COI report asylum | country conditions evidence asylum | country conditions report asylum | how to document country conditions for asylum,HTML,0
globallawexperts.com,4,asylum supporting evidence | country conditions research asylum attorney | immigration expert witness asylum,HTML,0
libguides.law.umn.edu,4,COI report asylum | asylum country conditions expert | country conditions expert asylum | country conditions research for immigration attorneys,HTML,0
migranthelpuk.org,4,asylum documentation support | asylum supporting evidence | expert declaration asylum,HTML,0
theadvocatesforhumanrights.org,4,asylum country conditions packet | country conditions evidence asylum | country conditions report asylum | how to document country conditions for asylum,PDF,0
boaztrust.org.uk,3,asylum evidence packet | country conditions research asylum attorney | expert declaration asylum,HTML,2
americanbar.org,3,asylum country conditions expert | country conditions expert asylum | country conditions research for immigration attorneys,HTML,0
asylummatters.org,3,COI report asylum | asylum documentation support | asylum evidence packet,"HTML, PDF",0
help.unhcr.org,3,asylum documentation support | asylum evidence packet | asylum supporting evidence,HTML,0
elevencanterbury.com,2,asylum country conditions expert | immigration expert witness asylum,HTML,2
legalsolutions.thomsonreuters.co.uk,2,country conditions research for immigration attorneys,HTML,2
refugeejumpstart.org,2,asylum expert affidavit,HTML,2
britsolicitors.com,2,country conditions research for immigration attorneys | immigration expert witness asylum,HTML,1
countryconditions.expert,2,asylum country conditions expert | country conditions expert asylum,HTML,0
diverselegal.com,2,asylum country conditions expert | asylum expert report,HTML,0
gherson.com,2,asylum documentation support | expert declaration asylum,HTML,0
ideas.repec.org,2,asylum expert report | immigration expert witness asylum,HTML,0
immigrantjustice.org,2,asylum evidence packet | asylum expert affidavit,"DOC, PDF",0
infomigrants.net,2,,HTML,0
law.unc.edu,2,asylum expert affidavit | expert declaration asylum,PDF,0
legalarmstrong.com,2,asylum evidence packet | asylum supporting evidence,HTML,0
libguides.law.berkeley.edu,2,country conditions evidence asylum | country conditions research asylum attorney,HTML,0
libguides.uclawsf.edu,2,asylum country conditions packet | country conditions research asylum attorney,HTML,0
refugeecardiff.com,2,asylum documentation support | asylum supporting evidence,HTML,0
refworld.org,2,COI report asylum,"HTML, PDF",0
repository.law.indiana.edu,2,country conditions evidence asylum | how to document country conditions for asylum,HTML,0
resources.humanrightsfirst.org,2,country conditions expert asylum | country conditions research for immigration attorneys,PDF,0
rightsinexile.org,2,COI report asylum | country conditions expert asylum,HTML,0
aideznousaaider.com,1,asylum evidence packet,HTML,1
breadwinners.org.uk,1,asylum documentation support,HTML,1
michael-legister-notary.co.uk,1,asylum expert affidavit,HTML,1
nooneleft.org,1,asylum documentation support,HTML,1
resources.asylos.org,1,asylum evidence packet,HTML,1
wers.org.uk,1,asylum documentation support,HTML,1
asaptogether.org,1,asylum evidence packet,HTML,0
asylumlawdatabase.eu,1,asylum expert report,HTML,0
brooklynworks.brooklaw.edu,1,country conditions research for immigration attorneys,HTML,0
cambridge.org,1,immigration expert witness asylum,PDF,0
cilacademy.org,1,asylum expert affidavit,PDF,0
cliniclegal.org,1,expert declaration asylum,HTML,0
connect.springerpub.com,1,asylum expert affidavit,HTML,0
data.worldbank.org,1,,HTML,0
echr.coe.int,1,asylum supporting evidence,HTML,0
ereventis.com,1,asylum expert report,HTML,0
eumigrationlawblog.eu,1,asylum documentation support,HTML,0
expertwitness.international,1,asylum expert witness report,HTML,0
facebook.com,1,COI report asylum,HTML,0
guides.brooklaw.edu,1,COI report asylum,HTML,0
healtorture.org,1,asylum expert affidavit,PDF,0
humanrights-lawyer.com,1,country conditions research asylum attorney,HTML,0
jstor.org,1,asylum expert witness report,HTML,0
justanswer.co.uk,1,asylum expert report,HTML,0
justice.gov,1,country conditions research for immigration attorneys,HTML,0
lawofficeimmigration.com,1,country conditions research asylum attorney,HTML,0
lccrsf.org,1,asylum expert witness report,PDF,0
logankingsley.com,1,immigration expert witness asylum,HTML,0
londontraumaspecialists.com,1,asylum expert witness report,HTML,0
no5.com,1,expert declaration asylum,HTML,0
olivia-orr-e2c7.squarespace.com,1,asylum supporting evidence,PDF,0
pmc.ncbi.nlm.nih.gov,1,asylum expert affidavit,HTML,0
refugeelegalsupport.org,1,asylum documentation support,HTML,0
rifnyc.org,1,asylum supporting evidence,HTML,0
sciencedirect.com,1,asylum expert affidavit,HTML,0
serco.com,1,asylum documentation support,HTML,0
slchambers.co.uk,1,immigration expert witness asylum,HTML,0
state.gov,1,country conditions report asylum,HTML,0
ucas.com,1,asylum documentation support,HTML,0
uscis.gov,1,asylum evidence packet,HTML,0
witness-experts.com,1,immigration expert witness asylum,HTML,0
wola.org,1,country conditions research asylum attorney,HTML,0
